experiment,algorithm,shape,n,ms,compares,moves,depth,extra_bytes,sorted,stable
shapes,quickSort,random,8000,1.778000,113833,158994,23,8,1,0
shapes,mergeSort,random,8000,2.086000,93720,207616,14,64008,1,1
shapes,heapSort,random,8000,2.072000,182779,289830,1,8,1,0
shapes,quickSort,sorted,8000,0.439000,96012,24570,13,8,1,-1
shapes,mergeSort,sorted,8000,1.473000,52352,207616,14,64008,1,-1
shapes,heapSort,sorted,8000,1.861000,189377,307914,1,8,1,-1
shapes,quickSort,reverse,8000,2.338000,185505,323664,30,8,1,-1
shapes,mergeSort,reverse,8000,1.619000,51456,207616,14,64008,1,-1
shapes,heapSort,reverse,8000,2.472000,176057,272328,1,8,1,-1
shapes,quickSort,few_unique,8000,11.703000,4046279,80970,1033,8,1,0
shapes,mergeSort,few_unique,8000,1.729000,89792,207616,14,64008,1,1
shapes,heapSort,few_unique,8000,1.710000,164714,254400,1,8,1,0
growth,quickSort,random,1000,0.108000,10667,14514,17,8,1,-1
growth,quickSort,random,2000,0.258000,23051,31080,17,8,1,1
growth,quickSort,random,4000,0.599000,51767,73386,20,8,1,0
growth,quickSort,random,8000,1.320000,113833,158994,23,8,1,0
growth,quickSort,random,16000,2.947000,253877,365352,25,8,1,0
growth,quickSort,random,32000,7.297000,539416,702942,28,8,1,0
growth,mergeSort,random,1000,0.178000,8744,19952,11,8008,1,-1
growth,mergeSort,random,2000,0.416000,19450,43904,12,16008,1,1
growth,mergeSort,random,4000,0.917000,42862,95808,13,32008,1,1
growth,mergeSort,random,8000,2.020000,93720,207616,14,64008,1,1
growth,mergeSort,random,16000,4.389000,203461,447232,15,128008,1,1
growth,mergeSort,random,32000,9.334000,438827,958464,16,256008,1,1
growth,heapSort,random,1000,0.184000,16867,27270,1,8,1,-1
growth,heapSort,random,2000,0.422000,37727,60528,1,8,1,1
growth,heapSort,random,4000,0.943000,83413,132864,1,8,1,0
growth,heapSort,random,8000,2.083000,182779,289830,1,8,1,0
growth,heapSort,random,16000,4.496000,397494,627387,1,8,1,0
growth,heapSort,random,32000,10.074000,859294,1351803,1,8,1,0
pivot,quick:last,sorted,4000,32.586000,7998000,0,4000,8,1,-1
pivot,quick:med3,sorted,4000,0.207000,44011,12282,12,8,1,-1
pivot,quick:rand,sorted,4000,0.271000,53519,11850,28,8,1,-1
